Team,PG,SG,SF,PF,C,Poss,Diff Rank,Diff,OFFENSE: Pts/Poss Rank,OFFENSE: Pts/Poss,OFFENSE: eFG% Rank,OFFENSE: eFG%,OFFENSE: TOV% Rank,OFFENSE: TOV%,OFFENSE: ORB% Rank,OFFENSE: ORB%,OFFENSE: FT Rate Rank,OFFENSE: FT Rate,DEFENSE: Pts/Poss Rank,DEFENSE: Pts/Poss,DEFENSE: eFG% Rank,DEFENSE: eFG%,DEFENSE: TOV% Rank,DEFENSE: TOV%,DEFENSE: ORB% Rank,DEFENSE: ORB%,DEFENSE: FT Rate Rank,DEFENSE: FT Rate
League Averages,,,,,,,,,,114.9,,54.7%,,14.2%,,26.8%,,21.0,,114.9,,54.7%,,14.2%,,26.8%,,21.0
SAC,De'Aaron Fox,Kevin Huerter,Harrison Barnes,Keegan Murray,Domantas Sabonis,1669,51,+3.6,60,119.1,59,56.7%,67,12.3%,42,25.1%,59,20.7,40,115.5,24,58.4%,52,13.6%,68,22.8%,80,14.9
ATL,Trae Young,Dejounte Murray,DeAndre Hunter,John Collins,Clint Capela,1413,67,+8.6,56,118.0,39,54.3%,80,11.3%,66,29.2%,38,17.3,69,109.4,55,53.9%,54,13.8%,52,25.3%,68,16.2
DEN,Jamal Murray,Kentavious Caldwell-Pope,Michael Porter,Aaron Gordon,Nikola Jokic,1324,76,+12.0,81,124.7,87,61.4%,51,13.1%,54,27.1%,32,16.7,55,112.7,45,55.4%,51,13.6%,57,24.6%,70,16.0
CHI,Ayo Dosunmu,Zach LaVine,DeMar DeRozan,Patrick Williams,Nikola Vucevic,1230,45,+1.2,32,111.3,64,57.4%,46,13.6%,7,15.7%,29,16.5,67,110.1,57,53.7%,22,11.1%,85,20.5%,66,16.5
POR,Damian Lillard,Anfernee Simons,Josh Hart,Jerami Grant,Jusuf Nurkic,1105,44,+0.9,50,116.4,69,57.7%,20,15.7%,24,22.5%,75,23.0,41,115.4,41,55.9%,28,11.7%,50,25.7%,50,18.7
NYK,Jalen Brunson,Quentin Grimes,RJ Barrett,Julius Randle,Mitchell Robinson,1017,64,+7.8,83,125.3,74,58.8%,75,11.7%,73,30.2%,61,20.8,32,117.4,30,57.2%,35,12.1%,82,20.9%,51,18.6
PHI,James Harden,De'Anthony Melton,Tobias Harris,PJ Tucker,Joel Embiid,991,61,+6.7,70,121.3,77,59.6%,35,14.2%,19,20.3%,98,33.9,44,114.5,50,54.9%,71,15.2%,26,29.2%,73,15.6
ORL,Markelle Fultz,Gary Harris,Franz Wagner,Paolo Banchero,Wendell Carter,949,52,+4.0,47,115.7,58,56.7%,31,14.6%,36,24.2%,63,21.0,61,111.7,38,56.6%,69,15.1%,75,21.8%,67,16.4
HOU,Kevin Porter,Jalen Green,Eric Gordon,Jabari Smith Jr.,Alperen Sengun,876,18,-10.3,22,108.1,23,51.7%,17,16.0%,66,29.2%,43,18.3,28,118.4,38,56.6%,46,13.1%,45,26.1%,29,21.8
IND,Andrew Nembhard,Tyrese Haliburton,Buddy Hield,Aaron Nesmith,Myles Turner,831,50,+3.4,62,119.7,80,59.8%,59,12.5%,11,18.3%,17,14.6,37,116.3,59,53.6%,67,14.9%,14,32.4%,18,23.9
BOS,Marcus Smart,Derrick White,Jaylen Brown,Jayson Tatum,Al Horford,788,78,+12.7,76,123.0,85,60.9%,80,11.3%,10,17.4%,56,20.4,66,110.3,73,51.8%,38,12.4%,35,27.5%,62,17.0
TOR,Fred VanVleet,Gary Trent Jr.,OG Anunoby,Scottie Barnes,Pascal Siakam,767,46,+1.9,49,116.3,27,52.6%,91,9.9%,38,24.5%,47,18.7,45,114.4,26,58.0%,84,16.4%,53,25.2%,26,22.2
CLE,Darius Garland,Donovan Mitchell,Isaac Okoro,Evan Mobley,Jarrett Allen,720,58,+5.7,70,121.1,86,61.2%,37,14.0%,42,25.1%,24,15.8,41,115.4,22,58.6%,63,14.5%,77,21.6%,62,17.0
GSW,Stephen Curry,Klay Thompson,Andrew Wiggins,Draymond Green,Kevon Looney,705,94,+22.1,88,128.5,95,65.2%,56,12.8%,40,24.8%,20,15.0,79,106.4,74,51.7%,48,13.3%,58,24.6%,51,18.5
DEN,Jamal Murray,Kentavious Caldwell-Pope,Bruce Brown,Aaron Gordon,Nikola Jokic,670,72,+10.6,73,122.1,81,60.1%,53,13.0%,54,27.0%,69,21.8,62,111.4,38,56.5%,73,15.3%,60,24.2%,70,15.9
UTA,Mike Conley,Jordan Clarkson,Lauri Markkanen,Jarred Vanderbilt,Kelly Olynyk,629,40,-0.7,38,112.7,40,54.6%,16,16.1%,75,30.5%,25,15.8,50,113.4,52,54.6%,50,13.5%,37,27.4%,65,16.6
MIA,Kyle Lowry,Tyler Herro,Caleb Martin,Jimmy Butler,Bam Adebayo,604,57,+5.7,37,112.6,34,53.8%,54,12.9%,43,25.1%,59,20.8,77,106.9,48,55.1%,88,17.4%,58,24.5%,76,15.2
PHI,James Harden,Tyrese Maxey,Tobias Harris,PJ Tucker,Joel Embiid,600,86,+15.4,80,124.2,70,58.2%,72,12.0%,49,26.2%,82,25.4,72,108.8,50,55.0%,38,12.4%,93,18.4%,80,14.8
ATL,Trae Young,Dejounte Murray,DeAndre Hunter,John Collins,Onyeka Okongwu,556,57,+5.6,48,116.0,53,55.8%,43,13.7%,22,22.2%,73,22.6,66,110.4,68,52.4%,71,15.2%,28,28.8%,25,22.3
POR,Damian Lillard,Anfernee Simons,Josh Hart,Jerami Grant,Drew Eubanks,551,38,-0.9,58,118.5,48,55.3%,90,10.0%,30,23.4%,79,24.0,27,119.4,34,56.9%,44,13.0%,56,24.8%,38,20.5
MIN,D'Angelo Russell,Anthony Edwards,Jaden McDaniels,Karl-Anthony Towns,Rudy Gobert,541,55,+5.4,27,109.8,52,55.7%,4,19.0%,64,29.0%,39,17.4,86,104.4,90,48.7%,36,12.2%,35,27.5%,88,13.3
HOU,Kevin Porter,Jalen Green,Kenyon Martin Jr.,Jabari Smith Jr.,Alperen Sengun,520,19,-9.9,29,110.6,24,52.0%,31,14.6%,79,31.6%,27,16.3,22,120.5,32,57.1%,11,9.8%,73,22.2%,43,19.7
MIN,D'Angelo Russell,Anthony Edwards,Jaden McDaniels,Kyle Anderson,Rudy Gobert,518,81,+14.1,50,116.4,77,59.6%,25,15.1%,14,19.4%,55,20.3,90,102.3,82,50.2%,75,15.5%,32,27.8%,64,16.6
DET,Killian Hayes,Jaden Ivey,Bojan Bogdanovic,Isaiah Stewart,Jalen Duren,507,11,-15.4,25,109.3,22,51.3%,11,17.2%,75,30.7%,61,20.9,14,124.7,29,57.5%,18,10.8%,36,27.4%,34,21.0
BKN,Ben Simmons,Kyrie Irving,Royce O'Neale,Kevin Durant,Nicolas Claxton,506,49,+3.1,46,115.4,86,61.0%,57,12.6%,20,21.1%,4,10.9,57,112.3,81,50.4%,47,13.3%,14,32.5%,59,17.5
PHX,Cameron Payne,Devin Booker,Mikal Bridges,Torrey Craig,Deandre Ayton,491,41,-0.4,47,115.7,35,53.9%,58,12.6%,55,27.2%,21,15.1,39,116.1,46,55.4%,68,15.1%,21,30.2%,29,21.8
MIL,Jrue Holiday,Grayson Allen,Pat Connaughton,Giannis Antetokounmpo,Brook Lopez,485,48,+2.8,45,115.1,64,57.4%,53,13.0%,48,26.2%,15,14.3,59,112.2,41,55.9%,9,9.1%,94,17.2%,95,11.6
DET,Jaden Ivey,Cade Cunningham,Saddiq Bey,Bojan Bogdanovic,Isaiah Stewart,458,25,-6.3,44,114.6,25,52.0%,38,14.0%,65,29.1%,88,27.2,20,120.9,34,57.0%,29,11.8%,44,26.2%,61,17.2
SAC,Davion Mitchell,Kevin Huerter,Harrison Barnes,Keegan Murray,Domantas Sabonis,453,47,+2.6,72,122.1,93,63.4%,59,12.6%,12,18.6%,30,16.5,27,119.5,28,57.8%,41,12.7%,81,21.1%,50,18.8
CHA,LaMelo Ball,Terry Rozier,Gordon Hayward,PJ Washington,Mason Plumlee,434,35,-1.8,34,111.8,35,53.9%,49,13.4%,32,23.8%,18,14.6,50,113.5,36,56.8%,50,13.5%,71,22.3%,55,18.1
NYK,Jalen Brunson,Quentin Grimes,RJ Barrett,Julius Randle,Jericho Sims,433,17,-10.4,57,118.0,34,53.8%,93,9.5%,43,25.2%,33,16.7,9,128.4,21,58.9%,5,8.4%,67,23.3%,24,22.6
PHX,Chris Paul,Devin Booker,Josh Okogie,Torrey Craig,Deandre Ayton,416,73,+11.3,66,120.2,60,56.8%,84,10.8%,38,24.4%,43,18.1,71,108.9,55,54.0%,77,15.6%,41,26.8%,63,16.8
CHA,LaMelo Ball,Terry Rozier,Jalen McDaniels,PJ Washington,Mason Plumlee,413,30,-3.5,68,120.8,43,54.8%,86,10.7%,52,26.6%,57,20.6,14,124.3,12,61.0%,38,12.4%,40,26.8%,39,20.1
ORL,Markelle Fultz,Franz Wagner,Paolo Banchero,Bol Bol,Moritz Wagner,411,29,-4.8,19,107.8,23,51.6%,6,18.2%,79,31.8%,80,24.4,55,112.6,40,56.0%,76,15.5%,49,25.7%,73,15.6
CHI,Alex Caruso,Zach LaVine,DeMar DeRozan,Patrick Williams,Nikola Vucevic,405,65,+8.0,59,118.8,71,58.2%,84,10.9%,7,15.7%,89,27.4,64,110.8,48,55.2%,90,17.7%,57,24.7%,6,28.5
OKC,Shai Gilgeous-Alexander,Jalen Williams,Luguentz Dort,Josh Giddey,Jaylin Williams,403,28,-5.2,23,108.4,42,54.6%,43,13.6%,28,23.0%,39,17.3,49,113.7,35,56.9%,93,18.7%,20,31.0%,46,19.5
NOP,CJ McCollum,Trey Murphy III,Brandon Ingram,Herbert Jones,Jonas Valanciunas,400,9,-17.2,34,111.8,36,54.0%,22,15.5%,70,29.8%,26,16.1,8,129.0,20,59.1%,9,9.1%,44,26.2%,47,19.4
MIN,Mike Conley,Anthony Edwards,Jaden McDaniels,Kyle Anderson,Rudy Gobert,398,68,+8.9,57,118.3,58,56.4%,52,13.1%,63,28.7%,34,16.7,69,109.5,57,53.7%,43,12.9%,40,27.0%,91,12.5
SAS,Tre Jones,Devin Vassell,Keldon Johnson,Jeremy Sochan,Jakob Poeltl,397,44,+0.9,30,110.8,28,52.9%,36,14.1%,75,30.7%,5,11.8,68,110.0,29,57.4%,87,17.2%,30,28.4%,96,11.5
CLE,Darius Garland,Donovan Mitchell,Caris LeVert,Evan Mobley,Jarrett Allen,386,80,+13.4,49,116.3,39,54.4%,43,13.7%,77,31.4%,62,20.9,89,102.9,89,48.9%,40,12.5%,74,22.2%,31,21.5
BKN,Spencer Dinwiddie,Mikal Bridges,Cameron Johnson,Dorian Finney-Smith,Nicolas Claxton,384,39,-0.8,21,108.1,31,53.3%,73,12.0%,22,21.7%,49,19.0,72,108.9,86,49.6%,44,13.0%,23,29.5%,78,15.0
DEN,Kentavious Caldwell-Pope,Bruce Brown,Michael Porter,Aaron Gordon,Nikola Jokic,383,92,+20.7,96,132.6,90,62.3%,68,12.3%,36,24.2%,78,24.0,60,111.9,66,52.6%,61,14.2%,51,25.5%,11,26.3
MIA,Gabe Vincent,Tyler Herro,Jimmy Butler,Kevin Love,Bam Adebayo,379,43,+0.8,33,111.6,37,54.2%,22,15.6%,44,25.3%,45,18.5,64,110.9,45,55.6%,65,14.7%,79,21.3%,72,15.6
DAL,Luka Doncic,Spencer Dinwiddie,Tim Hardaway Jr.,Reggie Bullock,Christian Wood,377,39,-0.8,50,116.4,62,57.1%,95,8.8%,1,11.7%,29,16.4,33,117.3,49,55.1%,13,9.9%,27,28.9%,88,13.2
MIL,Jrue Holiday,Jevon Carter,Grayson Allen,Giannis Antetokounmpo,Brook Lopez,375,91,+20.4,55,117.6,54,55.9%,39,13.9%,56,27.3%,19,14.9,96,97.2,91,48.7%,52,13.7%,84,20.7%,71,15.9
TOR,Fred VanVleet,OG Anunoby,Scottie Barnes,Pascal Siakam,Jakob Poeltl,374,78,+13.0,73,122.2,53,55.8%,68,12.3%,86,34.0%,22,15.3,71,109.2,27,57.9%,96,19.9%,48,26.0%,52,18.4
TOR,Fred VanVleet,Gary Trent Jr.,Scottie Barnes,Pascal Siakam,Precious Achiuwa,368,51,+3.8,78,123.6,56,56.2%,55,12.8%,69,29.5%,44,18.3,25,119.9,22,58.6%,59,14.2%,53,25.2%,22,23.2
BOS,Marcus Smart,Jaylen Brown,Jayson Tatum,Grant Williams,Al Horford,359,42,+0.3,39,112.8,38,54.3%,89,10.3%,9,16.8%,41,17.8,56,112.5,53,54.2%,32,12.0%,69,22.7%,30,21.6
CHI,Patrick Beverley,Alex Caruso,Zach LaVine,DeMar DeRozan,Nikola Vucevic,354,89,+18.6,66,120.1,83,60.5%,63,12.4%,25,22.7%,35,16.8,91,101.4,80,50.7%,76,15.6%,84,20.5%,60,17.2
GSW,Stephen Curry,Jordan Poole,Klay Thompson,Andrew Wiggins,Draymond Green,350,48,+2.9,43,114.6,45,55.0%,33,14.3%,8,16.3%,74,22.8,62,111.7,63,53.0%,66,14.8%,18,31.6%,23,22.7
MEM,Ja Morant,Dillon Brooks,John Konchar,Jaren Jackson,Steven Adams,346,82,+14.2,55,117.6,52,55.7%,45,13.6%,77,31.3%,60,20.8,87,103.4,82,50.3%,53,13.7%,69,22.7%,64,16.6
DAL,Luka Doncic,Spencer Dinwiddie,Tim Hardaway Jr.,Dorian Finney-Smith,Dwight Powell,342,56,+5.5,87,127.2,88,61.7%,73,12.0%,67,29.3%,28,16.3,19,121.7,25,58.4%,34,12.0%,43,26.5%,57,17.7
LAC,Reggie Jackson,Paul George,Kawhi Leonard,Marcus Morris,Ivica Zubac,331,58,+5.8,43,114.2,66,57.5%,32,14.5%,27,22.8%,56,20.4,74,108.4,58,53.7%,18,10.7%,96,16.5%,83,14.3
WAS,Monte Morris,Bradley Beal,Deni Avdija,Kyle Kuzma,Kristaps Porzingis,317,82,+14.2,84,125.6,73,58.5%,50,13.2%,61,28.3%,52,19.5,63,111.4,64,52.8%,33,12.0%,65,23.5%,26,22.2
NYK,Jalen Brunson,Immanuel Quickley,Quentin Grimes,Julius Randle,Mitchell Robinson,314,54,+5.2,34,111.8,21,51.0%,63,12.4%,64,28.9%,51,19.4,79,106.6,85,49.8%,43,12.9%,50,25.6%,47,19.4
DAL,Luka Doncic,Spencer Dinwiddie,Reggie Bullock,Dorian Finney-Smith,Dwight Powell,312,77,+12.6,59,118.9,66,57.5%,60,12.5%,29,23.1%,40,17.5,80,106.3,71,52.0%,86,17.0%,16,32.2%,58,17.6
CHA,Terry Rozier,Jalen McDaniels,Kelly Oubre,PJ Washington,Mason Plumlee,301,49,+3.3,23,108.3,14,49.3%,79,11.3%,46,25.9%,31,16.5,84,105.1,85,49.8%,78,15.8%,39,27.0%,32,21.3
CLE,Darius Garland,Donovan Mitchell,Lamar Stevens,Evan Mobley,Jarrett Allen,301,31,-3.4,46,115.6,87,61.7%,14,16.3%,51,26.5%,6,12.1,28,119.1,21,58.9%,50,13.4%,59,24.3%,96,11.6
GSW,Jordan Poole,Donte DiVincenzo,Klay Thompson,Draymond Green,Kevon Looney,289,37,-1.0,52,117.0,36,54.2%,62,12.5%,87,34.6%,14,14.1,30,118.0,70,52.2%,11,9.7%,21,30.1%,52,18.3
IND,Andrew Nembhard,Tyrese Haliburton,Buddy Hield,Jalen Smith,Myles Turner,286,34,-1.8,27,110.1,46,55.1%,26,15.0%,21,21.5%,17,14.6,59,112.0,64,52.8%,49,13.4%,33,27.7%,16,24.1
MIA,Kyle Lowry,Tyler Herro,Max Strus,Caleb Martin,Bam Adebayo,281,76,+12.0,51,116.7,60,56.8%,55,12.8%,15,19.4%,43,18.1,86,104.7,54,54.2%,70,15.1%,92,18.7%,82,14.6
HOU,Jalen Green,Eric Gordon,Kenyon Martin Jr.,Jabari Smith Jr.,Alperen Sengun,280,16,-12.0,68,120.7,78,59.7%,33,14.3%,47,26.1%,53,19.8,3,132.7,11,61.0%,10,9.3%,24,29.5%,13,24.8
CHI,Coby White,Ayo Dosunmu,Zach LaVine,Patrick Williams,Nikola Vucevic,279,10,-16.4,5,100.7,11,48.4%,44,13.6%,21,21.2%,21,15.1,34,117.2,52,54.7%,41,12.8%,64,23.6%,74,15.5
UTA,Collin Sexton,Jordan Clarkson,Lauri Markkanen,Jarred Vanderbilt,Kelly Olynyk,278,84,+14.6,95,132.4,97,67.4%,13,16.9%,82,32.4%,67,21.7,31,117.8,48,55.2%,45,13.0%,19,31.3%,35,21.0
ORL,Cole Anthony,Jalen Suggs,Franz Wagner,Bol Bol,Moritz Wagner,278,69,+9.4,36,112.2,26,52.6%,30,14.7%,36,24.2%,91,28.6,89,102.9,68,52.5%,96,19.8%,51,25.5%,73,15.5
MEM,Tyus Jones,Dillon Brooks,Desmond Bane,Jaren Jackson,Xavier Tillman,277,41,-0.1,42,114.1,66,57.5%,93,9.4%,15,19.4%,2,9.8,46,114.2,18,59.4%,89,17.5%,27,29.0%,43,19.7
MEM,Ja Morant,Dillon Brooks,Desmond Bane,Jaren Jackson,Steven Adams,276,75,+11.9,44,114.9,13,49.1%,77,11.6%,93,36.5%,57,20.4,89,102.9,91,48.6%,27,11.6%,75,21.9%,60,17.3
LAC,Terance Mann,Paul George,Kawhi Leonard,Marcus Morris,Ivica Zubac,268,79,+13.3,96,133.6,93,63.5%,96,8.6%,33,23.9%,38,17.3,23,120.3,37,56.7%,5,8.1%,70,22.6%,55,18.1
WAS,Monte Morris,Corey Kispert,Deni Avdija,Kyle Kuzma,Kristaps Porzingis,251,36,-1.4,16,106.8,42,54.7%,66,12.4%,2,12.2%,36,17.0,75,108.2,86,49.4%,28,11.7%,29,28.7%,84,13.8
MIA,Gabe Vincent,Tyler Herro,Caleb Martin,Jimmy Butler,Bam Adebayo,250,93,+21.3,83,125.2,55,56.0%,44,13.6%,64,28.8%,95,32.9,86,103.9,57,53.7%,87,17.2%,75,22.1%,76,15.2
LAL,Dennis Schroder,Patrick Beverley,Troy Brown,LeBron James,Thomas Bryant,250,89,+18.2,94,132.0,91,62.7%,95,8.8%,58,27.7%,47,18.8,48,113.8,56,53.7%,60,14.2%,23,29.6%,82,14.3
WAS,Monte Morris,Bradley Beal,Kyle Kuzma,Kristaps Porzingis,Daniel Gafford,247,59,+6.0,57,118.2,79,59.7%,15,16.2%,48,26.2%,21,15.2,58,112.3,75,51.3%,4,7.9%,60,24.1%,56,17.8
BKN,Kyrie Irving,Royce O'Neale,Joe Harris,Kevin Durant,Nicolas Claxton,245,66,+8.1,15,105.7,41,54.6%,57,12.7%,7,15.7%,37,17.0,95,97.6,92,48.3%,85,16.8%,80,21.1%,19,23.5
NYK,Jalen Brunson,RJ Barrett,Cameron Reddish,Julius Randle,Isaiah Hartenstein,243,23,-7.8,39,112.8,12,48.9%,78,11.5%,69,29.5%,86,26.7,21,120.6,17,59.6%,84,16.5%,32,28.0%,12,25.6
NOP,CJ McCollum,Naji Marshall,Trey Murphy III,Herbert Jones,Jonas Valanciunas,242,74,+11.4,77,123.6,63,57.3%,20,15.7%,96,37.7%,65,21.4,59,112.1,50,55.0%,29,11.7%,72,22.3%,61,17.1
ATL,Dejounte Murray,Bogdan Bogdanovic,AJ Griffin,Jalen Johnson,Onyeka Okongwu,240,42,-0.1,46,115.4,48,55.3%,42,13.8%,87,34.5%,7,12.4,40,115.5,49,55.1%,24,11.3%,64,23.5%,61,17.1
IND,Andrew Nembhard,Tyrese Haliburton,Bennedict Mathurin,Buddy Hield,Myles Turner,236,83,+14.5,75,122.9,75,58.9%,68,12.3%,50,26.5%,76,23.2,73,108.4,88,49.0%,68,15.0%,7,34.7%,36,20.7
BOS,Derrick White,Jaylen Brown,Jayson Tatum,Grant Williams,Al Horford,234,79,+13.1,61,119.2,50,55.4%,64,12.4%,43,25.2%,54,20.2,81,106.1,71,51.9%,20,10.9%,82,20.8%,98,10.3
SAS,Tre Jones,Romeo Langford,Keldon Johnson,Jeremy Sochan,Jakob Poeltl,233,27,-5.8,53,117.2,17,50.4%,95,8.6%,87,34.6%,34,16.7,16,123.0,13,60.6%,21,11.1%,39,27.1%,96,11.5
NOP,CJ McCollum,Brandon Ingram,Herbert Jones,Zion Williamson,Jonas Valanciunas,232,71,+10.1,67,120.7,45,55.0%,77,11.6%,86,34.2%,41,17.8,65,110.5,62,53.1%,45,13.1%,61,23.9%,33,21.3
NYK,Jalen Brunson,Evan Fournier,RJ Barrett,Julius Randle,Mitchell Robinson,231,21,-8.8,24,108.7,21,51.1%,40,13.9%,72,30.1%,8,12.8,32,117.4,25,58.3%,58,14.0%,34,27.7%,21,23.2
UTA,Ochai Agbaji,Talen Horton-Tucker,Lauri Markkanen,Kelly Olynyk,Walker Kessler,231,84,+15.0,82,125.1,72,58.3%,8,17.7%,100,44.9%,62,21.0,67,110.1,80,50.7%,7,8.8%,72,22.3%,87,13.3
PHI,James Harden,Tyrese Maxey,De'Anthony Melton,Tobias Harris,Joel Embiid,230,56,+5.5,56,117.8,32,53.5%,29,14.8%,49,26.3%,100,38.0,57,112.3,62,53.2%,52,13.7%,62,23.9%,2,32.4
BKN,Kyrie Irving,Seth Curry,Royce O'Neale,Joe Harris,Nicolas Claxton,228,52,+4.2,53,117.1,75,58.9%,98,7.5%,11,18.2%,18,14.9,52,112.9,90,48.8%,14,10.3%,19,31.1%,37,20.5
MEM,Ja Morant,Dillon Brooks,Desmond Bane,Jaren Jackson,Xavier Tillman,224,59,+6.5,35,112.1,38,54.3%,81,11.2%,23,22.4%,51,19.3,82,105.5,82,50.3%,72,15.2%,36,27.4%,71,15.7
NYK,Jalen Brunson,Immanuel Quickley,Quentin Grimes,Julius Randle,Isaiah Hartenstein,221,83,+14.4,95,132.6,59,56.7%,70,12.2%,98,39.1%,87,26.8,29,118.2,88,49.1%,18,10.7%,10,33.3%,32,21.4
BOS,Marcus Smart,Malcolm Brogdon,Jaylen Brown,Jayson Tatum,Al Horford,212,8,-18.6,20,108.0,32,53.4%,2,21.7%,76,30.8%,98,34.4,11,126.7,19,59.3%,73,15.2%,29,28.6%,25,22.2
IND,Tyrese Haliburton,Aaron Nesmith,Buddy Hield,Jalen Smith,Myles Turner,210,43,+0.6,70,121.4,73,58.6%,92,9.5%,16,19.6%,27,16.2,20,120.9,11,61.4%,30,11.8%,95,16.7%,46,19.4
LAC,Reggie Jackson,Luke Kennard,Paul George,Marcus Morris,Ivica Zubac,203,73,+11.3,25,109.4,76,59.2%,6,18.2%,18,20.0%,15,14.3,95,98.0,91,48.6%,32,11.9%,93,17.6%,90,12.7
MEM,Ja Morant,Dillon Brooks,Desmond Bane,Santi Aldama,Steven Adams,203,80,+13.4,51,116.7,20,51.0%,19,15.8%,99,42.6%,30,16.5,88,103.4,70,52.1%,88,17.4%,88,19.6%,21,23.2
CHI,Alex Caruso,Ayo Dosunmu,Zach LaVine,DeMar DeRozan,Nikola Vucevic,203,70,+9.7,75,122.7,49,55.4%,41,13.8%,31,23.7%,76,23.1,52,113.0,40,56.1%,91,17.8%,29,28.6%,54,18.2
OKC,Shai Gilgeous-Alexander,Jalen Williams,Luguentz Dort,Josh Giddey,Aleksej Pokusevski,201,4,-24.5,12,104.5,41,54.6%,23,15.4%,11,18.4%,10,13.2,7,129.0,14,60.5%,21,11.0%,23,29.9%,57,17.7
CHI,Alex Caruso,Ayo Dosunmu,Zach LaVine,Patrick Williams,Nikola Vucevic,200,40,-0.7,40,113.0,59,56.7%,82,11.0%,29,23.2%,11,13.4,49,113.7,20,59.2%,64,14.7%,76,21.6%,74,15.5
GSW,Stephen Curry,Donte DiVincenzo,Klay Thompson,Draymond Green,Kevon Looney,199,67,+8.4,41,113.6,51,55.6%,25,15.1%,79,31.7%,20,15.0,83,105.2,76,51.1%,37,12.4%,59,24.5%,89,12.9
LAC,Russell Westbrook,Paul George,Kawhi Leonard,Marcus Morris,Ivica Zubac,199,75,+12.0,21,108.0,30,53.1%,37,14.1%,32,23.7%,16,14.4,97,96.0,94,47.5%,55,13.9%,71,22.4%,86,13.4
CLE,Darius Garland,Caris LeVert,Isaac Okoro,Evan Mobley,Jarrett Allen,197,62,+7.1,91,129.9,89,62.2%,50,13.2%,91,35.5%,13,14.1,17,122.8,19,59.3%,72,15.2%,16,31.8%,28,22.1
SAC,De'Aaron Fox,Malik Monk,Harrison Barnes,Keegan Murray,Domantas Sabonis,196,88,+16.3,89,128.6,61,56.9%,80,11.2%,60,28.3%,95,32.4,58,112.2,27,58.0%,67,14.8%,85,20.5%,43,19.8
BKN,Edmond Sumner,Royce O'Neale,Joe Harris,Kevin Durant,Nicolas Claxton,195,50,+3.6,25,109.2,33,53.7%,67,12.3%,21,21.3%,19,14.9,82,105.6,92,48.3%,48,13.3%,49,25.7%,24,22.5
MIN,D'Angelo Russell,Anthony Edwards,Jaden McDaniels,Kyle Anderson,Naz Reid,195,69,+9.3,28,110.3,48,55.3%,7,17.9%,25,22.6%,25,15.9,92,101.0,75,51.3%,92,18.0%,36,27.5%,10,26.6
PHX,Chris Paul,Devin Booker,Mikal Bridges,Torrey Craig,Deandre Ayton,193,5,-23.3,8,102.1,7,47.5%,47,13.5%,48,26.2%,24,15.7,13,125.4,26,58.2%,81,16.2%,4,36.0%,7,28.1
PHI,Tyrese Maxey,Shake Milton,Matisse Thybulle,Georges Niang,Montrezl Harrell,191,63,+7.7,67,120.4,46,55.1%,96,8.4%,53,26.9%,50,19.1,55,112.7,72,51.8%,83,16.4%,10,33.3%,12,25.5
CHA,Terry Rozier,Kelly Oubre,Gordon Hayward,PJ Washington,Nick Richards,191,32,-3.3,52,116.8,54,55.9%,71,12.0%,41,25.0%,14,14.1,24,120.1,24,58.4%,30,11.9%,28,28.7%,20,23.5
PHX,Chris Paul,Mikal Bridges,Cameron Johnson,Torrey Craig,Deandre Ayton,190,85,+15.3,73,122.1,62,57.0%,35,14.2%,78,31.5%,27,16.3,78,106.8,87,49.2%,79,16.1%,8,34.6%,79,14.9
POR,Anfernee Simons,Josh Hart,Jerami Grant,Justise Winslow,Jusuf Nurkic,189,66,+8.3,62,119.6,61,56.9%,77,11.6%,56,27.3%,71,22.3,64,111.3,78,50.9%,7,8.6%,68,22.9%,40,20.0
OKC,Shai Gilgeous-Alexander,Luguentz Dort,Josh Giddey,Aleksej Pokusevski,Jeremiah Robinson-Earl,189,2,-31.2,2,97.9,5,46.7%,41,13.8%,27,22.8%,41,17.9,7,129.1,7,63.1%,46,13.2%,13,32.9%,72,15.7
NYK,Miles McBride,Immanuel Quickley,RJ Barrett,Obi Toppin,Isaiah Hartenstein,186,29,-4.5,27,109.7,12,48.9%,89,10.2%,63,28.7%,11,13.7,46,114.1,54,54.2%,46,13.1%,52,25.3%,27,22.2
DET,Killian Hayes,Jaden Ivey,Bojan Bogdanovic,Marvin Bagley,Isaiah Stewart,186,3,-25.5,0,84.4,2,44.0%,15,16.1%,18,20.0%,4,11.3,68,109.9,23,58.5%,93,18.7%,88,19.2%,38,20.4
CHA,Dennis Smith Jr.,Kelly Oubre,Gordon Hayward,PJ Washington,Mason Plumlee,185,8,-20.4,2,94.1,5,46.9%,62,12.4%,23,22.2%,23,15.7,44,114.4,52,54.5%,62,14.4%,37,27.3%,79,15.0
UTA,Mike Conley,Jordan Clarkson,Malik Beasley,Lauri Markkanen,Walker Kessler,184,68,+9.2,54,117.4,43,54.8%,60,12.5%,88,34.7%,11,13.6,74,108.2,45,55.5%,53,13.7%,88,19.3%,58,17.5
PHI,James Harden,Tyrese Maxey,De'Anthony Melton,Tobias Harris,PJ Tucker,184,74,+11.6,79,123.9,82,60.3%,83,10.9%,26,22.7%,3,10.3,57,112.3,64,52.7%,49,13.4%,66,23.3%,30,21.8
HOU,Kevin Porter,Jalen Green,Kenyon Martin Jr.,Tari Eason,Usman Garuba,182,54,+4.9,72,122.0,50,55.5%,2,20.3%,95,36.9%,97,33.5,35,117.0,42,55.8%,41,12.6%,37,27.3%,46,19.5
OKC,Shai Gilgeous-Alexander,Jalen Williams,Luguentz Dort,Josh Giddey,Jeremiah Robinson-Earl,181,33,-2.6,19,107.7,9,47.5%,40,13.8%,80,32.0%,83,25.8,66,110.3,66,52.6%,64,14.7%,15,32.3%,83,14.1
LAC,Reggie Jackson,Terance Mann,Amir Coffey,Marcus Morris,Ivica Zubac,181,4,-24.1,16,106.6,14,49.4%,23,15.5%,89,34.7%,34,16.8,4,130.7,6,63.1%,7,8.9%,54,25.0%,88,13.1
SAC,De'Aaron Fox,Malik Monk,Harrison Barnes,Chimezie Metu,Trey Lyles,180,91,+20.5,79,123.9,72,58.3%,75,11.7%,49,26.3%,66,21.6,88,103.4,83,50.0%,57,14.0%,54,25.0%,94,12.1
CHI,Coby White,Ayo Dosunmu,DeMar DeRozan,Patrick Williams,Andre Drummond,180,66,+8.1,45,115.0,40,54.6%,69,12.2%,65,29.1%,37,17.1,77,106.9,39,56.4%,98,21.8%,65,23.4%,48,19.1
BOS,Marcus Smart,Jaylen Brown,Jayson Tatum,Al Horford,Robert Williams,180,10,-16.4,16,106.7,20,51.0%,11,17.2%,59,27.7%,82,25.2,16,123.0,25,58.3%,29,11.8%,78,21.4%,23,22.9
MIA,Kyle Lowry,Max Strus,Caleb Martin,Jimmy Butler,Bam Adebayo,180,89,+19.0,94,131.7,80,60.0%,26,15.0%,91,34.9%,90,28.1,54,112.7,42,55.8%,75,15.5%,39,27.0%,86,13.4
NYK,Miles McBride,Immanuel Quickley,Quentin Grimes,Julius Randle,Mitchell Robinson,179,88,+17.3,58,118.4,10,48.3%,86,10.6%,95,36.8%,68,21.8,91,101.1,86,49.7%,94,19.1%,29,28.7%,21,23.2
CHA,LaMelo Ball,Terry Rozier,Gordon Hayward,PJ Washington,Mark Williams,177,22,-7.9,71,121.5,70,58.1%,99,7.3%,30,23.2%,39,17.4,7,129.4,31,57.1%,11,9.6%,46,26.1%,65,16.6
PHX,Chris Paul,Landry Shamet,Mikal Bridges,Torrey Craig,Deandre Ayton,177,0,-50.3,0,75.1,0,36.9%,36,14.1%,6,15.5%,22,15.4,12,125.4,14,60.4%,39,12.4%,46,26.0%,31,21.5
NYK,Immanuel Quickley,Quentin Grimes,RJ Barrett,Julius Randle,Mitchell Robinson,177,11,-15.6,14,105.1,11,48.5%,91,9.6%,58,27.6%,28,16.4,21,120.7,43,55.7%,15,10.3%,27,28.9%,99,9.1
DET,Jaden Ivey,Alec Burks,Saddiq Bey,Bojan Bogdanovic,Jalen Duren,177,39,-0.8,63,119.8,68,57.7%,46,13.6%,74,30.4%,97,33.6,22,120.6,44,55.6%,20,10.9%,23,29.5%,36,20.6
GSW,Stephen Curry,Jordan Poole,Klay Thompson,Draymond Green,Kevon Looney,176,38,-0.9,30,110.8,27,52.8%,52,13.1%,20,20.5%,14,14.1,61,111.7,41,55.9%,7,8.9%,98,15.1%,84,13.7
NYK,Immanuel Quickley,Josh Hart,RJ Barrett,Obi Toppin,Isaiah Hartenstein,176,81,+13.6,26,109.7,39,54.4%,12,17.0%,82,32.5%,66,21.5,96,96.0,89,49.0%,78,15.8%,76,21.6%,59,17.4
POR,Damian Lillard,Matisse Thybulle,Cameron Reddish,Jerami Grant,Drew Eubanks,174,37,-1.1,36,112.1,50,55.4%,78,11.5%,14,19.3%,68,21.8,51,113.2,69,52.2%,25,11.4%,48,25.8%,71,15.9
MIN,D'Angelo Russell,Austin Rivers,Anthony Edwards,Jaden McDaniels,Rudy Gobert,173,23,-7.7,38,112.7,44,54.9%,21,15.6%,84,33.0%,3,10.5,23,120.5,12,60.8%,45,13.1%,86,20.3%,62,17.0
MIL,Jrue Holiday,Grayson Allen,Khris Middleton,Giannis Antetokounmpo,Brook Lopez,173,87,+15.8,99,141.0,97,65.6%,88,10.4%,50,26.4%,73,22.5,13,125.3,35,56.8%,1,6.3%,64,23.6%,34,21.0
TOR,Fred VanVleet,OG Anunoby,Scottie Barnes,Pascal Siakam,Christian Koloko,171,46,+1.9,43,114.6,37,54.2%,48,13.5%,57,27.4%,55,20.3,54,112.7,23,58.5%,80,16.2%,95,16.9%,8,27.9
NYK,Jalen Brunson,Immanuel Quickley,Quentin Grimes,Julius Randle,Jericho Sims,168,21,-8.6,11,104.2,28,52.9%,10,17.3%,34,24.0%,61,20.9,53,112.7,79,50.7%,57,14.0%,78,21.4%,10,26.8
OKC,Shai Gilgeous-Alexander,Jalen Williams,Luguentz Dort,Josh Giddey,Mike Muscala,168,95,+23.1,88,128.0,78,59.7%,74,11.9%,62,28.6%,81,24.7,85,104.8,83,50.0%,83,16.4%,22,30.0%,69,16.1
PHX,Chris Paul,Devin Booker,Mikal Bridges,Cameron Johnson,Deandre Ayton,167,94,+22.2,63,119.8,82,60.3%,27,15.0%,24,22.5%,53,20.0,95,97.6,79,50.7%,89,17.6%,73,22.2%,87,13.4
CHA,LaMelo Ball,Terry Rozier,Kelly Oubre,PJ Washington,Mason Plumlee,167,5,-24.0,41,113.2,13,49.1%,85,10.8%,77,31.2%,45,18.5,2,137.2,5,63.4%,27,11.6%,13,32.9%,39,20.3
NYK,Jalen Brunson,Quentin Grimes,RJ Barrett,Julius Randle,Isaiah Hartenstein,166,1,-36.1,9,103.6,8,47.5%,32,14.5%,40,24.7%,86,26.8,1,139.8,2,66.8%,23,11.2%,26,29.2%,37,20.5
DEN,Kentavious Caldwell-Pope,Bruce Brown,Michael Porter,Vlatko Cancar,Nikola Jokic,165,93,+21.9,90,129.7,88,61.8%,70,12.1%,37,24.3%,62,20.9,76,107.8,53,54.5%,62,14.5%,61,24.0%,82,14.4
GSW,Jordan Poole,Donte DiVincenzo,Klay Thompson,Jonathan Kuminga,Kevon Looney,165,55,+5.2,81,124.8,72,58.3%,32,14.5%,84,32.9%,58,20.7,26,119.6,54,54.1%,21,11.0%,43,26.2%,19,23.6
DAL,Luka Doncic,Kyrie Irving,Josh Green,Reggie Bullock,Dwight Powell,162,80,+13.4,89,129.6,92,63.1%,87,10.5%,4,14.5%,74,22.7,38,116.3,15,60.0%,62,14.5%,87,19.7%,18,23.7
NOP,CJ McCollum,Dyson Daniels,Naji Marshall,Trey Murphy III,Jonas Valanciunas,162,5,-22.1,4,99.4,25,52.1%,9,17.3%,38,24.4%,0,8.4,20,121.5,20,59.0%,15,10.4%,89,19.2%,50,18.6
NYK,Jalen Brunson,Immanuel Quickley,RJ Barrett,Julius Randle,Mitchell Robinson,161,61,+6.9,64,119.9,80,59.9%,3,19.3%,61,28.4%,64,21.2,52,113.0,83,50.0%,24,11.2%,9,33.7%,66,16.5
WAS,Monte Morris,Corey Kispert,Kyle Kuzma,Kristaps Porzingis,Daniel Gafford,160,98,+33.2,98,138.1,98,68.0%,74,11.9%,59,28.1%,52,19.7,84,105.0,80,50.7%,4,8.1%,93,17.5%,77,15.2
NYK,Derrick Rose,Immanuel Quickley,Cameron Reddish,Obi Toppin,Isaiah Hartenstein,160,22,-8.2,14,105.0,20,51.0%,33,14.4%,52,26.5%,4,11.5,50,113.2,77,50.9%,13,10.1%,9,33.7%,97,11.3
MEM,Ja Morant,Dillon Brooks,John Konchar,Santi Aldama,Steven Adams,160,84,+14.9,65,120.0,41,54.6%,42,13.8%,91,35.6%,38,17.1,84,105.1,79,50.7%,19,10.8%,91,18.8%,84,14.0
LAL,Dennis Schroder,Patrick Beverley,Lonnie Walker,LeBron James,Thomas Bryant,159,14,-12.7,4,98.7,34,53.8%,12,17.0%,16,19.4%,6,12.0,63,111.4,23,58.5%,25,11.4%,95,16.7%,91,12.5
LAC,Reggie Jackson,Norman Powell,Paul George,Marcus Morris,Ivica Zubac,158,1,-31.8,2,96.8,7,47.3%,8,17.7%,39,24.7%,79,24.0,8,128.7,4,65.2%,19,10.8%,80,21.2%,86,13.5
CHI,Coby White,Zach LaVine,DeMar DeRozan,Patrick Williams,Nikola Vucevic,156,85,+15.1,98,134.6,96,65.6%,97,8.3%,13,19.0%,63,21.0,26,119.5,21,58.7%,77,15.6%,65,23.4%,59,17.4
UTA,Collin Sexton,Jordan Clarkson,Lauri Markkanen,Kelly Olynyk,Walker Kessler,154,35,-1.6,77,123.4,18,50.7%,82,11.0%,96,37.9%,80,24.5,14,125.0,56,53.8%,35,12.2%,10,33.3%,56,17.9
UTA,Mike Conley,Jordan Clarkson,Lauri Markkanen,Kelly Olynyk,Walker Kessler,154,71,+10.4,48,116.2,43,54.9%,14,16.2%,89,34.7%,78,23.9,81,105.8,94,47.4%,36,12.3%,5,35.6%,95,11.7
WAS,Jordan Goodwin,Corey Kispert,Deni Avdija,Kyle Kuzma,Kristaps Porzingis,153,26,-6.1,55,117.6,68,57.7%,88,10.5%,5,14.9%,75,23.1,15,123.7,29,57.6%,8,9.0%,92,18.4%,91,12.5
OKC,Shai Gilgeous-Alexander,Jalen Williams,Luguentz Dort,Josh Giddey,Kenrich Williams,153,71,+10.6,86,126.8,54,56.0%,94,9.2%,95,37.2%,32,16.6,38,116.2,59,53.6%,89,17.5%,9,33.8%,0,36.0
CHI,Alex Caruso,Ayo Dosunmu,DeMar DeRozan,Patrick Williams,Nikola Vucevic,152,7,-21.3,3,98.0,11,48.4%,5,18.4%,46,26.0%,72,22.4,27,119.3,10,61.5%,17,10.7%,99,13.2%,98,9.6
DET,Killian Hayes,Jaden Ivey,Saddiq Bey,Bojan Bogdanovic,Isaiah Stewart,151,20,-9.0,20,107.9,10,48.3%,86,10.6%,56,27.3%,32,16.6,36,117.0,51,54.9%,39,12.4%,18,31.5%,13,24.6
DET,Cory Joseph,Alec Burks,Kevin Knox,Saddiq Bey,Marvin Bagley,151,20,-9.3,82,125.2,76,59.4%,86,10.6%,50,26.5%,92,29.7,2,134.4,4,65.1%,31,11.9%,52,25.4%,48,19.1
SAC,De'Aaron Fox,Malik Monk,Kevin Huerter,Harrison Barnes,Domantas Sabonis,151,96,+28.3,99,144.4,92,63.1%,39,13.9%,30,23.2%,100,53.3,38,116.1,77,51.1%,34,12.1%,7,35.4%,33,21.3
NOP,CJ McCollum,Trey Murphy III,Herbert Jones,Zion Williamson,Jonas Valanciunas,150,23,-7.6,84,125.3,89,61.9%,49,13.3%,35,24.2%,66,21.5,3,132.9,4,64.7%,66,14.8%,20,30.5%,39,20.3
MIL,Jevon Carter,Grayson Allen,Pat Connaughton,Giannis Antetokounmpo,Brook Lopez,149,60,+6.7,15,106.0,14,49.2%,56,12.8%,74,30.4%,70,22.1,93,99.3,99,40.9%,0,5.5%,46,26.0%,68,16.2
ORL,Cole Anthony,Markelle Fultz,Gary Harris,Paolo Banchero,Wendell Carter,149,6,-21.9,21,108.1,27,52.9%,9,17.4%,73,30.3%,85,26.2,5,130.0,8,62.5%,74,15.3%,10,33.3%,48,19.1
MIA,Victor Oladipo,Tyler Herro,Max Strus,Caleb Martin,Bam Adebayo,148,68,+9.3,80,124.3,95,65.0%,14,16.2%,62,28.6%,55,20.3,43,115.1,33,57.0%,91,17.8%,30,28.4%,67,16.3
NOP,Jose Alvarado,CJ McCollum,Naji Marshall,Trey Murphy III,Jonas Valanciunas,147,53,+4.7,31,110.9,71,58.3%,12,17.0%,34,24.1%,49,19.0,80,106.2,71,51.9%,43,13.0%,21,30.1%,77,15.2
BOS,Marcus Smart,Derrick White,Jaylen Brown,Grant Williams,Al Horford,147,88,+17.7,62,119.7,93,63.5%,27,15.0%,0,8.6%,7,12.7,90,102.0,97,44.3%,26,11.4%,62,23.8%,48,19.1
CHA,Terry Rozier,Kelly Oubre,Gordon Hayward,PJ Washington,Mason Plumlee,147,16,-11.8,9,103.4,7,47.2%,89,10.2%,47,26.1%,5,11.7,42,115.2,9,61.8%,92,18.5%,22,30.0%,6,28.9
HOU,Jalen Green,Kenyon Martin Jr.,Jae'Sean Tate,Jabari Smith Jr.,Alperen Sengun,146,12,-14.7,7,101.4,0,40.9%,20,15.8%,98,38.9%,71,22.4,38,116.1,30,57.4%,34,12.1%,77,21.5%,4,29.5
CLE,Donovan Mitchell,Caris LeVert,Isaac Okoro,Evan Mobley,Jarrett Allen,145,13,-14.7,22,108.3,28,52.9%,51,13.1%,4,14.5%,87,26.9,16,123.0,14,60.4%,60,14.2%,86,20.0%,40,20.0
OKC,Isaiah Joe,Jalen Williams,Luguentz Dort,Josh Giddey,Jaylin Williams,144,21,-8.6,61,119.4,33,53.7%,97,8.3%,31,23.7%,53,20.0,10,128.1,1,67.3%,84,16.5%,77,21.6%,17,23.9
IND,TJ McConnell,Bennedict Mathurin,Chris Duarte,Oshae Brissett,Jalen Smith,143,55,+5.5,82,125.2,69,58.0%,50,13.3%,71,30.0%,89,28.0,25,119.7,46,55.3%,12,9.9%,33,27.8%,54,18.2
DEN,Jamal Murray,Kentavious Caldwell-Pope,Michael Porter,Vlatko Cancar,Nikola Jokic,143,63,+7.7,66,120.3,64,57.4%,59,12.6%,37,24.3%,46,18.6,56,112.6,63,53.1%,23,11.2%,54,25.0%,64,16.8
PHX,Chris Paul,Damion Lee,Mikal Bridges,Torrey Craig,Deandre Ayton,142,86,+15.5,96,133.1,56,56.2%,98,7.7%,99,39.5%,52,19.4,32,117.6,30,57.3%,32,12.0%,80,21.1%,23,22.8
LAL,D'Angelo Russell,Malik Beasley,Troy Brown,Jarred Vanderbilt,Anthony Davis,142,15,-12.2,13,104.9,30,53.1%,23,15.5%,78,31.5%,2,9.3,35,117.1,72,51.8%,6,8.6%,34,27.6%,75,15.2
BOS,Malcolm Brogdon,Jayson Tatum,Sam Hauser,Grant Williams,Luke Kornet,142,64,+7.7,85,126.1,49,55.3%,48,13.4%,68,29.4%,84,26.0,29,118.3,37,56.6%,16,10.6%,77,21.5%,55,18.0
DAL,Luka Doncic,Spencer Dinwiddie,Reggie Bullock,Dorian Finney-Smith,JaVale McGee,141,14,-13.8,5,100.0,16,50.4%,90,9.9%,13,19.1%,12,13.8,48,113.8,34,57.0%,88,17.4%,24,29.5%,80,14.8
ORL,Cole Anthony,Terrence Ross,Franz Wagner,Admiral Schofield,Mohamed Bamba,141,18,-10.2,17,107.1,9,47.7%,71,12.1%,44,25.3%,60,20.8,34,117.3,78,50.8%,1,6.5%,86,20.0%,1,35.0
TOR,Gary Trent Jr.,OG Anunoby,Scottie Barnes,Pascal Siakam,Christian Koloko,140,97,+29.3,91,130.0,75,59.0%,54,12.9%,98,39.4%,79,24.2,93,100.7,73,51.8%,100,24.3%,3,36.4%,22,23.0
BOS,Derrick White,Jaylen Brown,Jayson Tatum,Al Horford,Robert Williams,138,100,+43.6,76,123.2,82,60.2%,41,13.8%,32,23.7%,93,30.1,100,79.6,100,35.9%,4,8.0%,98,13.3%,89,13.0
MIA,Victor Oladipo,Gabe Vincent,Max Strus,Caleb Martin,Bam Adebayo,138,65,+8.1,33,111.6,55,56.1%,17,15.9%,9,16.9%,75,22.8,87,103.5,61,53.3%,90,17.6%,97,15.8%,2,31.8
BKN,Ben Simmons,Kyrie Irving,Royce O'Neale,Joe Harris,Nicolas Claxton,137,70,+9.4,77,123.4,94,63.9%,64,12.4%,10,17.2%,15,14.3,47,114.0,60,53.5%,80,16.2%,2,38.0%,66,16.4
NYK,Jalen Brunson,Immanuel Quickley,Josh Hart,Julius Randle,Isaiah Hartenstein,136,90,+19.8,93,131.6,55,56.1%,60,12.5%,93,36.2%,80,24.4,61,111.9,32,57.1%,40,12.6%,99,12.7%,5,29.2
CHI,Patrick Beverley,Zach LaVine,DeMar DeRozan,Patrick Williams,Nikola Vucevic,135,13,-14.4,42,114.1,52,55.7%,82,11.1%,5,14.8%,73,22.6,9,128.5,9,61.9%,74,15.3%,3,37.0%,11,26.3
ATL,Dejounte Murray,Bogdan Bogdanovic,DeAndre Hunter,John Collins,Clint Capela,134,7,-21.5,61,119.4,67,57.5%,48,13.4%,23,22.4%,86,26.5,0,140.9,2,67.0%,14,10.2%,95,16.7%,30,21.7
WAS,Monte Morris,Bradley Beal,Corey Kispert,Deni Avdija,Kristaps Porzingis,134,61,+6.9,88,128.4,79,59.8%,88,10.4%,12,18.6%,64,21.1,19,121.5,17,59.6%,59,14.1%,81,21.1%,14,24.6
HOU,Daishen Nix,Jalen Green,Kenyon Martin Jr.,Tari Eason,Usman Garuba,133,25,-6.3,18,107.5,66,57.5%,0,28.6%,92,35.7%,46,18.7,47,113.8,55,53.9%,86,16.9%,44,26.2%,42,19.8
ORL,Jalen Suggs,Franz Wagner,Chuma Okeke,Bol Bol,Wendell Carter,133,29,-4.5,1,94.0,4,46.5%,1,21.8%,80,32.4%,23,15.7,94,98.5,98,43.5%,10,9.2%,65,23.4%,57,17.7
NOP,CJ McCollum,Dyson Daniels,Trey Murphy III,Zion Williamson,Jonas Valanciunas,131,47,+2.3,14,105.3,24,51.8%,16,16.0%,17,19.7%,46,18.6,88,103.0,87,49.2%,16,10.5%,43,26.3%,100,6.1
SAC,De'Aaron Fox,Terence Davis,Harrison Barnes,Keegan Murray,Domantas Sabonis,131,18,-10.2,64,119.8,57,56.4%,70,12.2%,68,29.4%,8,12.8,5,130.1,1,67.1%,12,9.8%,83,20.8%,16,24.3
UTA,Mike Conley,Jordan Clarkson,Malik Beasley,Lauri Markkanen,Jarred Vanderbilt,129,36,-1.2,86,127.1,32,53.4%,93,9.3%,85,33.8%,96,33.1,10,128.3,39,56.5%,3,7.9%,31,28.3%,8,27.6
DEN,Christian Braun,Kentavious Caldwell-Pope,Bruce Brown,Aaron Gordon,Nikola Jokic,129,98,+32.5,89,128.7,96,65.5%,2,19.4%,90,34.8%,53,20.0,96,96.2,95,47.1%,98,21.4%,66,23.3%,5,29.4
TOR,Gary Trent Jr.,OG Anunoby,Scottie Barnes,Pascal Siakam,Jakob Poeltl,129,26,-6.2,5,100.8,1,43.4%,100,7.0%,39,24.7%,23,15.6,77,107.0,36,56.8%,82,16.3%,90,19.0%,95,11.7
LAC,Reggie Jackson,Terance Mann,Paul George,Marcus Morris,Ivica Zubac,129,34,-2.4,36,112.4,62,57.0%,11,17.1%,52,26.7%,10,13.2,43,114.8,36,56.8%,47,13.3%,79,21.3%,97,11.0
HOU,Kevin Porter,Jalen Green,Kenyon Martin Jr.,Tari Eason,Alperen Sengun,128,96,+28.1,90,129.7,98,67.7%,29,14.8%,73,30.2%,96,33.3,91,101.6,81,50.5%,61,14.3%,84,20.6%,9,27.0
SAS,Tre Jones,Josh Richardson,Keldon Johnson,Jeremy Sochan,Jakob Poeltl,128,52,+4.3,69,121.1,89,62.3%,21,15.6%,86,33.9%,28,16.4,36,116.8,3,65.4%,98,21.4%,42,26.5%,93,12.1
BOS,Marcus Smart,Derrick White,Jaylen Brown,Jayson Tatum,Blake Griffin,127,92,+21.2,84,126.0,90,62.5%,99,7.1%,3,14.0%,41,17.9,85,104.8,69,52.4%,51,13.6%,89,19.0%,40,20.0
ORL,Cole Anthony,Terrence Ross,Franz Wagner,Paolo Banchero,Wendell Carter,127,16,-12.0,24,108.7,15,49.6%,28,15.0%,80,32.4%,70,21.9,21,120.6,60,53.4%,22,11.1%,10,33.3%,28,22.0
SAC,Davion Mitchell,Malik Monk,Kevin Huerter,Harrison Barnes,Domantas Sabonis,126,28,-5.0,54,117.5,91,62.9%,9,17.5%,3,14.0%,96,33.3,18,122.5,7,63.0%,65,14.7%,18,31.4%,93,12.2
HOU,Daishen Nix,Eric Gordon,Kenyon Martin Jr.,Tari Eason,Usman Garuba,126,24,-7.0,17,107.1,6,46.9%,33,14.3%,84,33.8%,81,24.6,46,114.2,73,51.7%,85,16.7%,15,32.3%,53,18.3
NOP,CJ McCollum,Naji Marshall,Trey Murphy III,Zion Williamson,Jonas Valanciunas,126,14,-13.7,11,104.0,4,46.3%,57,12.7%,54,27.0%,31,16.5,31,117.7,67,52.5%,6,8.5%,41,26.6%,14,24.6
LAL,Dennis Schroder,Patrick Beverley,Lonnie Walker,LeBron James,Anthony Davis,126,32,-3.2,9,103.2,47,55.3%,18,15.9%,3,14.0%,16,14.4,79,106.3,43,55.7%,79,15.9%,95,17.0%,68,16.2
GSW,Jordan Poole,Donte DiVincenzo,Klay Thompson,Jonathan Kuminga,Draymond Green,125,93,+21.8,48,116.0,71,58.2%,92,9.6%,25,22.6%,1,8.6,98,94.2,97,44.2%,99,23.1%,4,35.7%,27,22.1
MIL,Jrue Holiday,Grayson Allen,Pat Connaughton,Bobby Portis,Brook Lopez,125,79,+13.1,71,121.6,91,62.6%,16,16.0%,59,27.8%,5,11.7,73,108.5,68,52.4%,0,4.7%,94,17.4%,99,7.2
MEM,Ja Morant,Desmond Bane,John Konchar,Santi Aldama,Steven Adams,123,96,+26.8,97,134.1,81,60.1%,91,9.8%,70,29.8%,94,32.1,76,107.3,96,46.0%,36,12.2%,6,35.4%,85,13.5
PHX,Chris Paul,Devin Booker,Mikal Bridges,Cameron Johnson,Bismack Biyombo,121,87,+16.1,93,131.4,85,61.0%,94,9.1%,39,24.5%,77,23.9,41,115.3,93,47.9%,16,10.5%,10,33.3%,20,23.3
MIA,Kyle Lowry,Tyler Herro,Max Strus,Jimmy Butler,Bam Adebayo,121,75,+11.8,86,126.4,44,54.9%,64,12.4%,45,25.4%,83,25.7,43,114.6,46,55.3%,55,13.8%,57,24.6%,9,27.2
SAS,Tre Jones,Keldon Johnson,Keita Bates-Diop,Jeremy Sochan,Jakob Poeltl,121,27,-5.6,30,110.7,3,45.9%,98,8.3%,80,32.4%,42,18.0,37,116.4,16,59.8%,17,10.7%,91,18.9%,89,13.1
DAL,Luka Doncic,Spencer Dinwiddie,Reggie Bullock,Dorian Finney-Smith,Christian Wood,121,3,-27.4,8,102.5,15,50.0%,7,18.2%,33,23.8%,65,21.4,5,129.8,0,68.0%,79,16.1%,50,25.6%,3,29.9
MEM,Tyus Jones,Desmond Bane,John Konchar,Brandon Clarke,Jaren Jackson,120,57,+5.6,54,117.5,38,54.3%,75,11.7%,90,34.9%,12,13.8,60,111.9,59,53.5%,93,18.6%,17,31.7%,11,26.3
GSW,Stephen Curry,Jordan Poole,Andrew Wiggins,Draymond Green,Kevon Looney,120,86,+15.6,91,130.0,95,64.5%,84,10.8%,29,23.1%,36,16.8,45,114.4,65,52.7%,62,14.4%,7,35.0%,77,15.0
CHI,Goran Dragic,Coby White,DeMar DeRozan,Derrick Jones Jr.,Andre Drummond,118,90,+19.5,85,126.3,77,59.4%,75,11.9%,71,30.0%,67,21.7,78,106.7,75,51.5%,70,15.1%,71,22.4%,38,20.4
PHI,De'Anthony Melton,Shake Milton,Tobias Harris,PJ Tucker,Joel Embiid,118,2,-30.1,3,98.3,6,47.1%,46,13.6%,14,19.4%,45,18.4,9,128.4,15,60.1%,54,13.8%,10,33.3%,17,24.0
MEM,Ja Morant,Dillon Brooks,Desmond Bane,Brandon Clarke,Jaren Jackson,118,95,+24.6,75,122.9,22,51.4%,96,8.5%,83,32.8%,95,32.4,94,98.3,95,46.4%,70,15.1%,68,23.0%,5,29.2
WAS,Monte Morris,Bradley Beal,Kyle Kuzma,Anthony Gill,Kristaps Porzingis,117,46,+2.2,93,131.6,84,60.6%,100,6.8%,20,20.8%,64,21.3,6,129.4,5,64.6%,2,7.6%,98,15.7%,69,16.0
CLE,Darius Garland,Caris LeVert,Cedi Osman,Evan Mobley,Kevin Love,117,54,+4.9,39,112.8,47,55.3%,24,15.4%,8,16.3%,90,28.4,75,107.9,74,51.5%,95,19.3%,34,27.6%,25,22.4
LAL,Dennis Schroder,Malik Beasley,Troy Brown,Jarred Vanderbilt,Anthony Davis,116,53,+4.3,11,104.3,15,50.0%,30,14.7%,34,24.1%,70,22.2,93,100.0,88,49.0%,66,14.8%,73,22.2%,81,14.7
ATL,Trae Young,Dejounte Murray,Bogdan Bogdanovic,John Collins,Clint Capela,116,12,-14.9,40,112.9,79,59.8%,4,19.0%,87,34.6%,1,8.8,11,127.8,13,60.8%,3,7.8%,37,27.3%,100,5.2
PHI,De'Anthony Melton,Shake Milton,Tobias Harris,PJ Tucker,Montrezl Harrell,116,73,+11.3,67,120.7,45,55.0%,71,12.1%,62,28.6%,44,18.3,70,109.4,42,55.9%,42,12.8%,97,16.4%,81,14.7
DEN,Nah'Shon Hyland,Jamal Murray,Bruce Brown,Vlatko Cancar,Zeke Nnaji,116,25,-6.2,41,113.8,12,48.7%,81,11.2%,92,36.1%,57,20.5,24,120.0,28,57.8%,56,13.9%,25,29.4%,52,18.4
HOU,Daishen Nix,Jalen Green,Kenyon Martin Jr.,Jabari Smith Jr.,Alperen Sengun,116,2,-28.8,28,110.3,18,50.9%,4,19.0%,94,36.7%,30,16.5,1,139.1,2,66.4%,25,11.3%,10,33.3%,90,12.7
WAS,Monte Morris,Bradley Beal,Corey Kispert,Kyle Kuzma,Kristaps Porzingis,115,9,-16.6,32,111.3,61,56.9%,21,15.7%,56,27.3%,9,12.9,11,127.9,51,54.8%,9,9.0%,16,32.1%,9,26.9
ORL,Jalen Suggs,Franz Wagner,Paolo Banchero,Bol Bol,Wendell Carter,115,24,-7.0,29,110.4,64,57.4%,3,19.1%,76,31.1%,48,18.9,33,117.4,5,63.8%,56,13.9%,100,10.6%,70,16.0
HOU,Kevin Porter,Jalen Green,Kenyon Martin Jr.,Jabari Smith Jr.,Usman Garuba,115,19,-9.4,20,107.8,5,46.7%,38,13.9%,80,32.4%,72,22.4,34,117.2,65,52.7%,26,11.5%,16,31.8%,20,23.4
MIA,Gabe Vincent,Tyler Herro,Max Strus,Haywood Highsmith,Bam Adebayo,115,62,+6.9,4,99.1,8,47.5%,29,14.8%,41,25.0%,48,19.0,99,92.2,96,44.3%,64,14.7%,44,26.2%,92,12.3
POR,Anfernee Simons,Josh Hart,Shaedon Sharpe,Jerami Grant,Jusuf Nurkic,114,12,-15.1,6,100.9,29,53.0%,18,15.8%,18,20.0%,2,10.1,39,115.9,47,55.3%,68,15.0%,37,27.3%,75,15.4
NOP,CJ McCollum,Trey Murphy III,Brandon Ingram,Herbert Jones,Larry Nance Jr.,114,77,+12.1,79,123.7,45,55.0%,29,14.9%,70,29.8%,50,19.3,62,111.6,18,59.3%,96,19.8%,41,26.7%,4,29.7
SAS,Josh Richardson,Malaki Branham,Keldon Johnson,Keita Bates-Diop,Jakob Poeltl,114,30,-4.1,26,109.6,36,53.9%,18,15.8%,46,25.9%,18,14.7,48,113.8,11,61.2%,42,12.9%,91,18.8%,92,12.2
HOU,Kevin Porter,Jalen Green,Kenyon Martin Jr.,Tari Eason,Jabari Smith Jr.,113,50,+3.5,12,104.4,2,44.2%,65,12.4%,97,38.6%,35,16.8,92,100.9,77,51.1%,97,20.4%,59,24.5%,79,14.9
NOP,Jose Alvarado,Devonte' Graham,Naji Marshall,Zion Williamson,Larry Nance Jr.,113,99,+41.8,98,135.4,94,64.1%,65,12.4%,55,27.1%,94,31.3,98,93.6,83,50.0%,100,24.8%,70,22.4%,34,21.2
WAS,Delon Wright,Deni Avdija,Rui Hachimura,Kyle Kuzma,Daniel Gafford,113,77,+12.3,59,118.6,74,58.9%,18,15.9%,66,29.2%,69,21.9,80,106.3,95,46.5%,81,16.2%,2,38.6%,98,10.4
IND,Tyrese Haliburton,Bennedict Mathurin,Buddy Hield,Aaron Nesmith,Myles Turner,112,100,+48.1,100,162.5,99,72.0%,60,12.5%,93,36.4%,88,27.1,45,114.4,33,57.0%,95,19.5%,47,26.0%,2,33.3
DAL,Luka Doncic,Josh Green,Tim Hardaway Jr.,Maxi Kleber,Christian Wood,112,97,+30.2,100,148.2,98,68.3%,85,10.7%,26,22.7%,91,28.7,30,118.0,67,52.6%,86,17.1%,14,32.7%,3,30.6
ATL,Trae Young,Dejounte Murray,Saddiq Bey,DeAndre Hunter,Clint Capela,111,32,-3.2,74,122.5,56,56.2%,24,15.3%,89,34.7%,92,29.2,12,125.7,3,65.7%,31,11.9%,100,8.3%,1,33.7
DET,Cory Joseph,Alec Burks,Kevin Knox,Saddiq Bey,Jalen Duren,111,31,-3.5,12,104.5,9,48.0%,58,12.6%,28,23.0%,70,22.2,75,108.0,83,50.0%,27,11.5%,63,23.7%,7,28.4
TOR,Fred VanVleet,Gary Trent Jr.,OG Anunoby,Scottie Barnes,Christian Koloko,111,20,-9.2,37,112.6,29,53.0%,47,13.5%,53,26.8%,48,19.0,18,121.8,18,59.3%,97,20.0%,0,41.3%,4,29.7
LAL,Russell Westbrook,Patrick Beverley,Austin Reaves,Lonnie Walker,Anthony Davis,110,62,+7.3,65,120.0,25,52.1%,83,10.9%,72,30.2%,98,36.2,54,112.7,93,48.2%,5,8.2%,54,25.0%,54,18.2
NYK,Miles McBride,Immanuel Quickley,RJ Barrett,Jericho Sims,Isaiah Hartenstein,110,34,-1.9,31,110.9,17,50.5%,10,17.3%,100,42.9%,13,14.0,53,112.8,62,53.1%,54,13.8%,54,25.0%,36,20.6
CLE,Darius Garland,Donovan Mitchell,Isaac Okoro,Lamar Stevens,Evan Mobley,109,27,-5.8,35,111.9,19,51.0%,73,11.9%,34,24.1%,40,17.5,30,117.8,7,62.6%,95,19.6%,54,25.0%,45,19.5
SAC,De'Aaron Fox,Terence Davis,Malik Monk,Chimezie Metu,Trey Lyles,109,7,-21.5,69,121.1,84,60.9%,55,12.8%,26,22.7%,68,21.7,0,142.6,0,68.3%,30,11.9%,25,29.3%,53,18.3
ORL,Markelle Fultz,Jalen Suggs,Gary Harris,Paolo Banchero,Wendell Carter,108,38,-1.0,18,107.4,21,51.1%,13,16.7%,6,15.4%,85,26.4,73,108.4,61,53.3%,91,17.8%,47,26.0%,44,19.6
IND,TJ McConnell,Buddy Hield,Chris Duarte,Aaron Nesmith,Myles Turner,107,9,-17.7,45,115.0,82,60.1%,28,15.0%,12,18.6%,84,26.2,4,132.7,9,61.5%,39,12.5%,1,40.8%,78,15.0
TOR,Fred VanVleet,OG Anunoby,Scottie Barnes,Pascal Siakam,Juan Hernangomez,107,41,-0.2,74,122.4,65,57.4%,38,14.0%,80,32.0%,18,14.9,17,122.6,6,63.4%,69,15.1%,89,19.0%,15,24.4
LAL,Russell Westbrook,Austin Reaves,Lonnie Walker,LeBron James,Anthony Davis,107,33,-2.4,91,129.9,88,61.8%,52,13.1%,67,29.3%,84,25.8,4,132.4,31,57.1%,12,9.8%,32,28.0%,14,24.5
WAS,Delon Wright,Bradley Beal,Kyle Kuzma,Kristaps Porzingis,Daniel Gafford,106,59,+6.4,80,124.5,100,74.4%,7,17.9%,2,12.9%,7,12.2,29,118.1,31,57.1%,80,16.2%,0,41.7%,92,12.2
LAC,Terance Mann,Nicolas Batum,Kawhi Leonard,Marcus Morris,Ivica Zubac,106,48,+2.8,23,108.5,4,46.7%,79,11.3%,94,36.7%,26,16.2,82,105.7,61,53.3%,73,15.2%,70,22.4%,75,15.4
NYK,Jalen Brunson,Immanuel Quickley,RJ Barrett,Julius Randle,Isaiah Hartenstein,106,82,+14.2,78,123.6,26,52.2%,79,11.3%,70,29.6%,99,37.6,70,109.3,98,43.5%,14,10.3%,5,35.6%,0,38.7
PHI,Tyrese Maxey,Matisse Thybulle,Tobias Harris,PJ Tucker,Joel Embiid,106,98,+33.4,64,119.8,70,58.0%,69,12.3%,16,19.5%,93,29.9,100,86.4,98,41.4%,99,24.3%,20,30.5%,45,19.5
SAS,Josh Richardson,Malaki Branham,Doug McDermott,Zach Collins,Stanley Johnson,106,70,+9.7,97,134.0,99,70.4%,5,18.9%,96,38.5%,0,4.1,15,124.3,44,55.6%,23,11.2%,4,35.7%,14,24.5
DET,Jaden Ivey,Alec Burks,Bojan Bogdanovic,Isaiah Stewart,Jalen Duren,106,17,-11.2,7,101.9,23,51.6%,36,14.2%,17,19.6%,9,12.9,51,113.1,47,55.3%,58,14.0%,61,24.0%,63,16.8
SAC,Davion Mitchell,Malik Monk,Harrison Barnes,Keegan Murray,Domantas Sabonis,105,72,+11.1,7,101.9,3,46.0%,66,12.4%,9,16.7%,93,31.0,99,90.8,100,39.4%,82,16.3%,54,25.0%,40,20.0
HOU,Kevin Porter,Jalen Green,Eric Gordon,Jabari Smith Jr.,Bruno Fernando,105,45,+1.1,29,110.5,51,55.6%,4,19.0%,68,29.4%,50,19.1,70,109.3,96,45.7%,2,6.5%,41,26.6%,40,20.0
BKN,Ben Simmons,Kyrie Irving,Royce O'Neale,Joe Harris,Kevin Durant,105,60,+6.7,71,121.9,100,73.3%,0,23.8%,0,10.3%,91,28.8,42,115.2,58,53.6%,48,13.3%,1,41.1%,42,19.8
CLE,Donovan Mitchell,Caris LeVert,Dean Wade,Evan Mobley,Jarrett Allen,105,95,+24.5,60,119.0,63,57.3%,25,15.2%,61,28.3%,33,16.7,97,94.5,93,47.8%,75,15.5%,86,20.0%,32,21.3
CHA,Dennis Smith Jr.,Terry Rozier,Kelly Oubre,PJ Washington,Mason Plumlee,105,45,+1.8,32,111.4,19,51.0%,66,12.4%,85,33.9%,12,13.7,68,109.6,66,52.6%,82,16.3%,8,34.0%,85,13.5
SAS,Tre Jones,Devin Vassell,Keldon Johnson,Keita Bates-Diop,Zach Collins,105,4,-24.9,13,104.8,31,53.4%,33,14.3%,2,12.0%,36,16.9,6,129.6,8,62.6%,56,13.9%,5,35.6%,27,22.1
MIA,Gabe Vincent,Max Strus,Caleb Martin,Jimmy Butler,Bam Adebayo,104,15,-12.5,18,107.7,2,45.3%,60,12.5%,83,32.8%,88,27.4,23,120.2,15,60.0%,94,19.2%,62,23.9%,49,18.9
HOU,Daishen Nix,Eric Gordon,Kenyon Martin Jr.,Jabari Smith Jr.,Alperen Sengun,104,91,+20.3,92,130.8,86,61.0%,60,12.5%,45,25.6%,99,37.2,65,110.5,76,51.1%,2,7.6%,90,19.0%,18,23.7
MIN,D'Angelo Russell,Austin Rivers,Anthony Edwards,Jaden McDaniels,Naz Reid,103,43,+0.8,87,127.2,84,60.9%,45,13.6%,5,15.2%,58,20.7,12,126.4,27,57.8%,59,14.2%,2,37.3%,12,25.0
IND,TJ McConnell,Bennedict Mathurin,Buddy Hield,Aaron Nesmith,Myles Turner,103,6,-21.6,6,101.0,1,41.9%,45,13.6%,55,27.1%,89,28.0,18,122.5,15,60.0%,77,15.7%,31,28.3%,7,28.2
BOS,Malcolm Brogdon,Derrick White,Jaylen Brown,Jayson Tatum,Al Horford,103,30,-4.4,38,112.6,68,57.7%,76,11.7%,1,11.4%,77,23.8,36,117.0,39,56.3%,33,12.0%,73,22.2%,29,21.8
DET,Jaden Ivey,Saddiq Bey,Bojan Bogdanovic,Isaiah Stewart,Jalen Duren,101,0,-40.6,1,93.1,18,50.6%,1,23.8%,97,38.6%,25,16.0,2,133.7,10,61.4%,61,14.3%,4,35.7%,44,19.6
CHA,LaMelo Ball,Kelly Oubre,Gordon Hayward,PJ Washington,Mason Plumlee,101,11,-15.8,10,104.0,15,50.0%,54,12.9%,45,25.5%,9,12.9,25,119.8,12,60.8%,55,13.9%,82,20.9%,16,24.1
GSW,Jordan Poole,Donte DiVincenzo,Andrew Wiggins,Anthony Lamb,Draymond Green,101,36,-1.2,10,104.0,30,53.1%,39,13.9%,18,20.0%,82,25.0,83,105.2,89,48.9%,37,12.4%,83,20.8%,45,19.5
CHA,Terry Rozier,Jalen McDaniels,Gordon Hayward,PJ Washington,Mason Plumlee,100,64,+7.9,52,117.0,57,56.4%,26,15.0%,41,25.0%,77,23.3,71,109.1,70,52.2%,71,15.2%,47,26.0%,94,11.8
PHX,Chris Paul,Devin Booker,Josh Okogie,Kevin Durant,Deandre Ayton,100,99,+38.9,94,132.0,96,65.5%,72,12.0%,60,28.2%,59,20.7,98,93.1,99,41.2%,20,10.9%,63,23.7%,35,20.9